{"cameraMode":{"drawMode":0,"name":"Shaded","section":"Shading Mode"},"sceneLighting":true,"audioPlay":false,"sceneViewState":{"m_AlwaysRefresh":false,"showFog":true,"showSkybox":true,"showFlares":true,"showImageEffects":true,"showParticleSystems":true,"showVisualEffectGraphs":true,"m_FxEnabled":true},"in2DMode":false,"pivot":{"x":100.53730773925781,"y":-1.8176751136779786,"z":111.13204193115235},"rotation":{"x":-0.06598977744579315,"y":-0.3697929382324219,"z":0.026336731389164926,"w":-0.926413357257843},"size":65.57121276855469,"orthographic":false}